{"cameraMode":{"drawMode":0,"name":"Shaded","section":"Shading Mode"},"sceneLighting":true,"audioPlay":false,"sceneViewState":{"showFog":true,"showMaterialUpdate":true,"showSkybox":false,"showFlares":false,"showImageEffects":true,"showParticleSystems":true},"in2DMode":false,"pivot":{"x":3.70497727394104,"y":-2.981386423110962,"z":26.008052825927736},"rotation":{"x":0.06531693786382675,"y":0.13815069198608399,"z":-0.00913120899349451,"w":0.9882127642631531},"size":31.244895935058595,"orthographic":false}